{"cameraMode":{"drawMode":0,"name":"Shaded","section":"Shading Mode"},"sceneLighting":true,"audioPlay":false,"sceneViewState":{"showFog":true,"showMaterialUpdate":false,"showSkybox":true,"showFlares":true,"showImageEffects":true,"showParticleSystems":true},"in2DMode":false,"pivot":{"x":22.980880737304689,"y":-2.839923143386841,"z":17.909801483154298},"rotation":{"x":-0.14839355647563935,"y":-0.03267292678356171,"z":0.004906665068119764,"w":-0.9883861541748047},"size":8.821503639221192,"orthographic":false}